C,penalty,solver,class_weight,cv_accuracy_mean,cv_accuracy_std,cv_f1_mean,cv_f1_std,cv_roc_auc_mean,cv_roc_auc_std,cv_precision_mean,cv_recall_mean,train_accuracy_mean,train_accuracy_std,overfitting_gap
0.001,l2,lbfgs,balanced,0.6029741997133302,0.037430403768889016,0.6199254973122102,0.04252934597966198,0.6178388271007952,0.04808419747027669,0.6117323318308318,0.6306294326241135,0.6033327124962675,0.004417071427060507,0.0003585127829373036
0.01,l2,lbfgs,balanced,0.6073339703774487,0.03516107794018211,0.6270960145305098,0.033617910812965925,0.662834260154739,0.052666206881628944,0.6151041645265709,0.6412677304964539,0.6092887572320127,0.0034392564131980603,0.0019547868545639613
0.1,l2,lbfgs,balanced,0.6532250358337315,0.03903179321381259,0.6653130582745707,0.045770956344367335,0.7100511766602192,0.04589542835389021,0.6605763425445225,0.673049645390071,0.6796743857408507,0.006846973459075831,0.026449349907119224
1.0,l2,lbfgs,balanced,0.6749522216913522,0.044498000463626175,0.6790434843433275,0.04738870138029152,0.7409379701267998,0.04543957460772433,0.6927724313376344,0.6708333333333334,0.7488436170558723,0.008483405255915942,0.07389139536452016
